Workbook
Name Slicer_Fund: #N/A

Sheet RawData
B2: Enterprise Budget & Outlay Dataset
B3: Synthesized operational transactions across four biennia (Dollars in thousands)
B5: RecordID | C5: Division | D5: Program | E5: Fund | F5: Object | G5: FiscalYear | H5: Quarter | I5: FTE | J5: Budget | K5: Actual | L5: Variance | M5: VariancePct | N5: Status
B6: 1 | C6: Retirement Services | D6: Member Portals | E6: Fund 600 | F6: Contracts (C) | G6: FY2028 | H6: Q1 | I6: 4.5 | J6: 950 | K6: 920 | L6: =K6-J6 -> -30 | M6: =IF(J6<>0,(K6-J6)/J6,0) -> -0.031578947 | N6: =IF(L6>0,"Over Budget",IF(L6<0,"Under Budget","On Target")) -> Under Budget
B7: 2 | C7: Retirement Services | D7: Member Portals | E7: Fund 600 | F7: Salaries (A) | G7: FY2028 | H7: Q1 | I7: 2.6 | J7: 320 | K7: 315 | L7: =K7-J7 -> -5 | M7: =IF(J7<>0,(K7-J7)/J7,0) -> -0.015625 | N7: =IF(L7>0,"Over Budget",IF(L7<0,"Under Budget","On Target")) -> Under Budget
B8: 3 | C8: Information Technology | D8: CORE PAM Modernization | E8: Fund 001 | F8: Contracts (C) | G8: FY2028 | H8: Q1 | I8: 12 | J8: 2800 | K8: 2950 | L8: =K8-J8 -> 150 | M8: =IF(J8<>0,(K8-J8)/J8,0) -> 0.053571429 | N8: =IF(L8>0,"Over Budget",IF(L8<0,"Under Budget","On Target")) -> Over Budget
B9: 4 | C9: Information Technology | D9: CORE PAM Modernization | E9: Fund 600 | F9: Equipment (G) | G9: FY2028 | H9: Q1 | I9: 0 | J9: 450 | K9: 410 | L9: =K9-J9 -> -40 | M9: =IF(J9<>0,(K9-J9)/J9,0) -> -0.088888889 | N9: =IF(L9>0,"Over Budget",IF(L9<0,"Under Budget","On Target")) -> Under Budget
B10: 5 | C10: Operations | D10: Agency Administration | E10: Fund 001 | F10: Salaries (A) | G10: FY2028 | H10: Q1 | I10: 8 | J10: 680 | K10: 675 | L10: =K10-J10 -> -5 | M10: =IF(J10<>0,(K10-J10)/J10,0) -> -0.0073529412 | N10: =IF(L10>0,"Over Budget",IF(L10<0,"Under Budget","On Target")) -> Under Budget
B11: 6 | C11: Operations | D11: Agency Administration | E11: Fund 001 | F11: Goods & Services (E) | G11: FY2028 | H11: Q1 | I11: 0 | J11: 180 | K11: 210 | L11: =K11-J11 -> 30 | M11: =IF(J11<>0,(K11-J11)/J11,0) -> 0.16666667 | N11: =IF(L11>0,"Over Budget",IF(L11<0,"Under Budget","On Target")) -> Over Budget
B12: 7 | C12: Actuarial & Finance | D12: Plan 2 Operations | E12: Fund 001 | F12: Salaries (A) | G12: FY2028 | H12: Q1 | I12: 5 | J12: 520 | K12: 510 | L12: =K12-J12 -> -10 | M12: =IF(J12<>0,(K12-J12)/J12,0) -> -0.019230769 | N12: =IF(L12>0,"Over Budget",IF(L12<0,"Under Budget","On Target")) -> Under Budget
B13: 8 | C13: Actuarial & Finance | D13: Judicial Systems | E13: Fund 204 | F13: Benefits (B) | G13: FY2028 | H13: Q1 | I13: 0 | J13: 1200 | K13: 1200 | L13: =K13-J13 -> 0 | M13: =IF(J13<>0,(K13-J13)/J13,0) -> 0 | N13: =IF(L13>0,"Over Budget",IF(L13<0,"Under Budget","On Target")) -> On Target
B14: 9 | C14: Retirement Services | D14: Member Portals | E14: Fund 600 | F14: Contracts (C) | G14: FY2028 | H14: Q2 | I14: 4.5 | J14: 980 | K14: 1020 | L14: =K14-J14 -> 40 | M14: =IF(J14<>0,(K14-J14)/J14,0) -> 0.040816327 | N14: =IF(L14>0,"Over Budget",IF(L14<0,"Under Budget","On Target")) -> Over Budget
B15: 10 | C15: Retirement Services | D15: Member Portals | E15: Fund 600 | F15: Salaries (A) | G15: FY2028 | H15: Q2 | I15: 2.6 | J15: 325 | K15: 330 | L15: =K15-J15 -> 5 | M15: =IF(J15<>0,(K15-J15)/J15,0) -> 0.015384615 | N15: =IF(L15>0,"Over Budget",IF(L15<0,"Under Budget","On Target")) -> Over Budget
B16: 11 | C16: Information Technology | D16: CORE PAM Modernization | E16: Fund 001 | F16: Contracts (C) | G16: FY2028 | H16: Q2 | I16: 12 | J16: 3100 | K16: 3050 | L16: =K16-J16 -> -50 | M16: =IF(J16<>0,(K16-J16)/J16,0) -> -0.016129032 | N16: =IF(L16>0,"Over Budget",IF(L16<0,"Under Budget","On Target")) -> Under Budget
B17: 12 | C17: Information Technology | D17: CORE PAM Modernization | E17: Fund 600 | F17: Equipment (G) | G17: FY2028 | H17: Q2 | I17: 0 | J17: 500 | K17: 580 | L17: =K17-J17 -> 80 | M17: =IF(J17<>0,(K17-J17)/J17,0) -> 0.16 | N17: =IF(L17>0,"Over Budget",IF(L17<0,"Under Budget","On Target")) -> Over Budget
... B29: 24 | C29: Actuarial & Finance | D29: Judicial Systems | E29: Fund 204 | F29: Benefits (B) | G29: FY2029 | H29: Q1 | I29: 0 | J29: 1300 | K29: 1315 | L29: =K29-J29 -> 15 | M29: =IF(J29<>0,(K29-J29)/J29,0) -> 0.011538462 | N29: =IF(L29>0,"Over Budget",IF(L29<0,"Under Budget","On Target")) -> Over Budget
B30: Total | J30: =SUBTOTAL(109,Financials[Budget]) -> 21450 | K30: =SUBTOTAL(109,Financials[Actual]) -> 21595 | L30: =SUBTOTAL(109,Financials[Variance]) -> 145 | N30: =SUBTOTAL(103,Financials[Status]) -> 24

Sheet PivotSummary
B2: Multi-Dimensional Program Allocation (Pivot Table)
B3: Programmatic aggregation, variance calculated field, and interactive cross-filters
D5: FiscalYear | E5: Values
D6: FY2028 | G6: FY2029 | J6: Total Sum of Budget | K6: Total Sum of Actual | L6: Total Variance ($)
B7: Division | C7: Program | D7: Sum of Budget | E7: Sum of Actual | F7: Variance ($) | G7: Sum of Budget | H7: Sum of Actual | I7: Variance ($)
B8: Actuarial & Finance | C8: Judicial Systems | D8: 2450 | E8: 2440 | F8: -10 | G8: 1300 | H8: 1315 | I8: 15 | J8: 3750 | K8: 3755 | L8: 5
C9: Plan 2 Operations | D9: 1050 | E9: 1035 | F9: -15 | G9: 550 | H9: 550 | I9: 0 | J9: 1600 | K9: 1585 | L9: -15
B10: Actuarial & Finance Total | D10: 3500 | E10: 3475 | F10: -25 | G10: 1850 | H10: 1865 | I10: 15 | J10: 5350 | K10: 5340 | L10: -10
B11: Information Technology | C11: CORE PAM Modernization | D11: 6850 | E11: 6990 | F11: 140 | G11: 2100 | H11: 2040 | I11: -60 | J11: 8950 | K11: 9030 | L11: 80
B12: Information Technology Total | D12: 6850 | E12: 6990 | F12: 140 | G12: 2100 | H12: 2040 | I12: -60 | J12: 8950 | K12: 9030 | L12: 80
B13: Operations | C13: Agency Administration | D13: 1730 | E13: 1760 | F13: 30 | G13: 915 | H13: 950 | I13: 35 | J13: 2645 | K13: 2710 | L13: 65
B14: Operations Total | D14: 1730 | E14: 1760 | F14: 30 | G14: 915 | H14: 950 | I14: 35 | J14: 2645 | K14: 2710 | L14: 65
B15: Retirement Services | C15: Member Portals | D15: 2575 | E15: 2585 | F15: 10 | G15: 1930 | H15: 1930 | I15: 0 | J15: 4505 | K15: 4515 | L15: 10
B16: Retirement Services Total | D16: 2575 | E16: 2585 | F16: 10 | G16: 1930 | H16: 1930 | I16: 0 | J16: 4505 | K16: 4515 | L16: 10
B17: Grand Total | D17: 14655 | E17: 14810 | F17: 155 | G17: 6795 | H17: 6785 | I17: -10 | J17: 21450 | K17: 21595 | L17: 145

Sheet FormattingAndLogic
B2: Cell Formatting, Color Scales & Dynamic Formulas
B3: Demonstrating modern conditional formats, heatmaps, and spilled calculation logic
B5: Program | C5: FY28 Budget | D5: FY28 Actual | E5: Variance ($) | F5: Variance (%) | G5: Performance Heatmap | H5: Outlay Data Bar
B6: Member Portals | C6: =SUMIFS(RawData!$J$6:$J$29, RawData!$D$6:$D$29, B6, RawData!$G$6:$G$29, "FY2028") -> 2575 | D6: =SUMIFS(RawData!$K$6:$K$29, RawData!$D$6:$D$29, B6, RawData!$G$6:$G$29, "FY2028") -> 2585 | E6: =D6 - C6 -> 10 | F6: =IF(C6<>0, E6 / C6, 0) -> 0.0038834951 | G6: =F6 -> 0.0038834951 | H6: =E6 -> 10
B7: CORE PAM Modernization | C7: =SUMIFS(RawData!$J$6:$J$29, RawData!$D$6:$D$29, B7, RawData!$G$6:$G$29, "FY2028") -> 6850 | D7: =SUMIFS(RawData!$K$6:$K$29, RawData!$D$6:$D$29, B7, RawData!$G$6:$G$29, "FY2028") -> 6990 | E7: =D7 - C7 -> 140 | F7: =IF(C7<>0, E7 / C7, 0) -> 0.020437956 | G7: =F7 -> 0.020437956 | H7: =E7 -> 140
B8: Agency Administration | C8: =SUMIFS(RawData!$J$6:$J$29, RawData!$D$6:$D$29, B8, RawData!$G$6:$G$29, "FY2028") -> 1730 | D8: =SUMIFS(RawData!$K$6:$K$29, RawData!$D$6:$D$29, B8, RawData!$G$6:$G$29, "FY2028") -> 1760 | E8: =D8 - C8 -> 30 | F8: =IF(C8<>0, E8 / C8, 0) -> 0.01734104 | G8: =F8 -> 0.01734104 | H8: =E8 -> 30
B9: Plan 2 Operations | C9: =SUMIFS(RawData!$J$6:$J$29, RawData!$D$6:$D$29, B9, RawData!$G$6:$G$29, "FY2028") -> 1050 | D9: =SUMIFS(RawData!$K$6:$K$29, RawData!$D$6:$D$29, B9, RawData!$G$6:$G$29, "FY2028") -> 1035 | E9: =D9 - C9 -> -15 | F9: =IF(C9<>0, E9 / C9, 0) -> -0.014285714 | G9: =F9 -> -0.014285714 | H9: =E9 -> -15
B10: Judicial Systems | C10: =SUMIFS(RawData!$J$6:$J$29, RawData!$D$6:$D$29, B10, RawData!$G$6:$G$29, "FY2028") -> 2450 | D10: =SUMIFS(RawData!$K$6:$K$29, RawData!$D$6:$D$29, B10, RawData!$G$6:$G$29, "FY2028") -> 2440 | E10: =D10 - C10 -> -10 | F10: =IF(C10<>0, E10 / C10, 0) -> -0.0040816327 | G10: =F10 -> -0.0040816327 | H10: =E10 -> -10
B13: Dynamic Array Logic & Filter Demonstrations
B15: Distinct Divisions: | C15: =_xlfn.UNIQUE(RawData!C6:C29) -> Retirement Services
B21: Top Budgeted Transaction (> $2,500k): | C21: =_xlfn._xlws.FILTER(RawData!D6:J29, RawData!J6:J29>2500) -> CORE PAM Modernization

Sheet Reconciliation
B2: Mathematical Verification & Cross-Route Checks
B3: Proving formula consistency between structured tables, pivot aggregates, and dashboard formulas
B5: Check Description | C5: Source 1 Expression | D5: Source 2 Expression | E5: Diff Formula | F5: Status
B6: FY28 Actual: RawData SUMIFS vs Dashboard SUM | C6: SUMIFS(RawData Actual, FY28) | D6: FormattingAndLogic FY28 Actual SUM | E6: =ABS(SUMIFS(RawData!$K$6:$K$29, RawData!$G$6:$G$29, "FY2028") - SUM(FormattingAndLogic!$D$6:$D$10)) -> 0 | F6: =IF(E6=0,"PASS: EXACT MATCH","FAIL") -> PASS: EXACT MATCH
B7: FY28 Budget: RawData SUMIFS vs Dashboard SUM | C7: SUMIFS(RawData Budget, FY28) | D7: FormattingAndLogic FY28 Budget SUM | E7: =ABS(SUMIFS(RawData!$J$6:$J$29, RawData!$G$6:$G$29, "FY2028") - SUM(FormattingAndLogic!$C$6:$C$10)) -> 0 | F7: =IF(E7=0,"PASS: EXACT MATCH","FAIL") -> PASS: EXACT MATCH
B8: FY28 Dashboard Variance Identity | C8: Dashboard Actual - Budget | D8: Dashboard Variance Column SUM | E8: =ABS((SUM(FormattingAndLogic!$D$6:$D$10) - SUM(FormattingAndLogic!$C$6:$C$10)) - SUM(FormattingAndLogic!$E$6:$E$10)) -> 0 | F8: =IF(E8=0,"PASS: EXACT MATCH","FAIL") -> PASS: EXACT MATCH
B9: Full Dataset Net Variance Identity | C9: SUM(Actual) - SUM(Budget) | D9: SUM(Variance Column) | E9: =ABS((SUM(RawData!$K$6:$K$29)-SUM(RawData!$J$6:$J$29)) - SUM(RawData!$L$6:$L$29)) -> 0 | F9: =IF(E9=0,"PASS: EXACT MATCH","FAIL") -> PASS: EXACT MATCH
B10: PivotTable Budget: source data vs grand total | C10: Financials[Budget] | D10: FinancialPivot: Sum of Budget | E10: =ABS(SUM(Financials[Budget])-GETPIVOTDATA("Sum of Budget",PivotSummary!$B$5)) -> 0 | F10: =IFERROR(IF(E10=0,"PASS: EXACT MATCH","FAIL"),"FAIL") -> PASS: EXACT MATCH
B11: PivotTable Actual: source data vs grand total | C11: Financials[Actual] | D11: FinancialPivot: Sum of Actual | E11: =ABS(SUM(Financials[Actual])-GETPIVOTDATA("Sum of Actual",PivotSummary!$B$5)) -> 0 | F11: =IFERROR(IF(E11=0,"PASS: EXACT MATCH","FAIL"),"FAIL") -> PASS: EXACT MATCH
B12: PivotTable Variance: source data vs grand total | C12: Financials[Variance] | D12: FinancialPivot: Variance ($) | E12: =ABS(SUM(Financials[Variance])-GETPIVOTDATA("Variance ($)",PivotSummary!$B$5)) -> 0 | F12: =IFERROR(IF(E12=0,"PASS: EXACT MATCH","FAIL"),"FAIL") -> PASS: EXACT MATCH
